index,NPS_label,noisy,verbatim
2177,Detracteur,False,"""I've been trying to get a working SIM card for weeks now and your team just keeps passing the buck. I'm still waiting for someone to fix this issue and it's getting ridiculous."""
2245,Detracteur,False,"""I've been trying to troubleshoot the internet issue for hours and your technical support keeps giving me runaround answers that don't fix the problem. I'm paying 88 dollars a month for this shoddy service and it's unacceptable."""
2066,Detracteur,True,"""I'm glad you were able to help me resolve the issue with my data speeds, but I'm still a bit frustrated that it took multiple calls to get someone who could actually fix the problem."""
5196,Detracteur,False,"""I've been trying to get a signal in my neighborhood for months now, but it's still not working. I've spoken to multiple reps before and nothing has changed. Can't you just send someone to fix the problem already?"""
4260,Detracteur,False,"""I've been trying to resolve this issue for weeks, but no one seems to care. My internet connection keeps dropping out and I'm fed up with the constant excuses and lack of resolution. Can someone please just fix it already?"""
2370,Detracteur,False,"""I've been trying to get my SIM activated for two weeks now and it's still not working. Your supposed 'expedited activation' process is a joke, I got the same runaround from your reps every time I call."""
2128,Detracteur,False,"""I've been dealing with the same issue for weeks now - my internet is still slow and I'm paying top dollar for it. Your support team just keeps telling me to restart my modem like it's going to solve anything."""
6885,Detracteur,False,"""I've been having the same problem for weeks now - my internet connection is dropping every hour or so. I've tried restarting the modem like you told me last time, but it's still happening. Can't believe I'm paying over $100 a month for service that doesn't even work half the time."""
1756,Detracteur,False,"""I've been having the same problem with my data connection for weeks now, I'm tired of being told to restart my phone or check my settings when it's clearly a network issue. You're just passing me around from one agent to another, no one is actually trying to fix this."""
2368,Detracteur,False,"""I've been having the same problem with my data speed for weeks now and I'm sick of getting the runaround from your customer support team. You people just keep telling me it's a 'known issue' but nobody seems to care about fixing it or even acknowledging that it's a real problem."""
5135,Detracteur,False,"""I've been dealing with dropped calls and poor network quality for months now, and it's getting ridiculous. Your team always tells me to restart my phone or check the antenna position, but that doesn't solve anything."""
1144,Detracteur,False,"""This is ridiculous, I've been on hold for 45 minutes and no one has picked up yet. When someone finally answered, they told me it's a 'known issue' with the billing system and they'll have to escalate my case. Meanwhile, I'm still waiting for them to fix the problem from last month."""
1849,Detracteur,False,"""I've been trying to get a simple question answered for the past 30 minutes and nobody seems to care. Your 'support' is just a joke. I'm seriously considering switching to another provider after only one month with you."""
2375,Detracteur,False,"""I've been trying to get a decent internet signal for two months now and it's still not working properly. I've called multiple times and each time you guys just send someone to fix the issue temporarily, but it keeps coming back. Can't believe I'm paying $20 a month for this subpar service."""
200,Detracteur,True,"""I'm generally happy with the coverage and speed, but I did have some trouble setting up my new router yesterday. The representative was patient and helpful, but it took a bit longer than expected to get everything sorted out."""
2235,Detracteur,False,"""I've been trying to get this data roaming issue fixed for weeks now and your team just keeps passing the buck. First, they told me to reset my phone, then they said it was a network problem, but nothing's changed. I'm still paying $56 a month for service that doesn't work outside of Nigeria!"""
1398,Detracteur,False,"""I've been having the same problem for weeks now - my data is super slow and I'm always losing connection. You guys promised to fix it last time but nothing's changed. Can someone actually do something this time?"""
1342,Detracteur,False,"""I've been complaining about the same issue for months now - my data speeds are consistently slow and I'm still getting dropped calls all the time. Your people just keep telling me to restart my phone or update my SIM card, but nothing ever changes. I'm fed up with wasting my money on a service that doesn't work as promised."""
9,Detracteur,False,"""I'm still waiting for the issue with my data speed to be resolved, it's been two weeks since I spoke to your support team and nothing has changed. Your people promised to escalate the matter but no one has contacted me yet."""
2432,Detracteur,False,"""I've been trying to get help for my data issues for weeks now, but no one seems to care. I was promised a solution when I spoke to someone last week, but nothing's changed and I'm still getting slow speeds. This is ridiculous."""
6106,Detracteur,False,"""I've been complaining about the same issue for weeks now - my data speeds are consistently slow during peak hours - and nothing seems to be done to fix it. I'm paying $80 a month for what feels like dial-up speeds. Unbelievable that you guys can't even get this right."""
1261,Detracteur,True,"""I appreciate that you were able to resolve the issue with my data roaming charges, but I'm still waiting for someone to call me back about the faulty modem I've been experiencing problems with since day two of using your services."""
1168,Detracteur,True,"""I'm glad you guys were able to resolve the issue with my data speed, it's been a lot better since then. Still having some trouble with the app though, keeps crashing on me when I try to check my balance."""
4779,Detracteur,True,"""I'm glad you were able to resolve the issue with my internet connection, but I still think it's weird that I have to pay extra for a static IP address when other operators offer it as standard."""
4892,Detracteur,False,"""I've been having this same problem for weeks now and your team keeps telling me it's on their end, but nothing gets fixed. I'm tired of paying 36 bucks a month for services that don't work as promised."""
3829,Detracteur,False,"""I've been waiting for 3 days to resolve this issue with my data speeds, and all I got was a automated message saying 'our team will get back to you soon'. This is ridiculous, I'm paying $117 every month and still getting slow internet."""
1282,Detracteur,False,"""I've been trying to get a decent internet connection for weeks now and nothing's changed. Your tech team keeps sending me the same generic emails saying 'please restart your router' like that's going to fix anything."""
436,Detracteur,False,"""I've been trying to resolve this issue for weeks now, but no one can seem to fix the problem. My data speeds are still slow as hell and I'm getting tired of paying top dollar for a service that doesn't deliver. Can someone please just give me a straight answer instead of passing me around like a hot potato?"""
189,Detracteur,True,"""I was finally able to resolve the data roaming issue, but it took a few escalations and I'm still not sure why it happened in the first place. Overall, I appreciate that the team listened and tried to help."""
7039,Detracteur,False,"""I've been waiting for 3 hours to speak with someone who actually knows what they're doing. I just wanted to change my plan but your system keeps telling me my new package is unavailable and I'm being forced to pay a ridiculous fee to upgrade."""
244,Detracteur,True,"""I was happy that the representative was able to resolve my issue with data roaming charges, but I'm still having some trouble getting a clear answer on how to manage my international calling plan."""
2503,Detracteur,False,"""I've been dealing with slow internet for weeks and no one seems to care. I've sent multiple complaints through the app and still nothing's being done. Your network is supposed to be reliable but it feels like you're just not bothered."""
1945,Detracteur,False,"""I've been trying to get a signal in my area for weeks now and it's still spotty at best. Your customer support team told me I needed to upgrade to a better plan, but that costs more money than what I'm already paying! Can you just fix the problem instead of giving me some vague solution?"""
6137,Detracteur,False,"""I've been having the same problem with my data speed for months now and nothing's being done about it. I'm paying top dollar for this service and I expect better than what I'm getting."""
1485,Detracteur,True,"""I appreciate that you guys were able to help me with my internet connectivity issue so quickly, but I'm still having some trouble getting the speeds I need for work. The representative was really helpful and knowledgeable."""
4042,Detracteur,False,"""I've been trying to get a data plan for months now and your team just keeps telling me it's not possible on my current plan. It's ridiculous that I have to pay full price for no service at all. You guys are really dropping the ball."""
2080,Detracteur,False,"""I've been waiting for 3 weeks for my SIM card to be activated and I'm still getting nowhere. Your reps just keep passing me around like a hot potato and nobody can give me a straight answer on when it'll actually work."""
3065,Detracteur,False,"""I've been waiting for 3 hours to get some resolution on my data issues, but all I got was some generic apology and a promise to escalate the issue to a supervisor. Can't believe I'm still stuck with this slow internet after paying $79 every month."""
1596,Detracteur,False,"""I'm fed up with the constant outages on my data plan, it's like you guys don't care about your customers at all. I've been complaining about this for months and nothing has changed."""
1905,Detracteur,False,"""This is ridiculous, I've been having the same problem with my data speeds for weeks and no one can seem to fix it. Your technicians came out twice already and said they'd resolve the issue but nothing has changed. I'm fed up with paying $102 a month for service that doesn't even work half the time."""
1234,Detracteur,False,"""I've been trying to get a straight answer about why my data speeds are so slow for weeks now. Your reps keep giving me the runaround and telling me it's because of congestion in my area, but I know that's just an excuse. Can someone please just fix the problem or give me a refund already?"""
1327,Detracteur,False,"""I've been trying to resolve this issue for weeks now, but no one seems to care. My internet is still out of order and I'm supposed to be paying for it. Can someone please fix this already?"""
1612,Detracteur,False,"""I'm fed up with the constant network outages in my area, it's ridiculous how many times I've been without service this month alone. You're just going to tell me to reboot my phone again like you always do and then what? It doesn't fix anything!"""
4614,Detracteur,False,"""This is ridiculous, I've been trying to get this problem fixed for weeks and your team keeps telling me it's someone else's fault. I just want my data working properly and you're still sending me around in circles."""
746,Detracteur,False,"""I've been dealing with slow internet speeds for months now and I'm still waiting for someone to fix the problem. Your technician came out last week and said he 'thought' he fixed it, but nothing's changed. I'm tired of paying good money for a service that doesn't work."""
1985,Detracteur,True,"""I appreciate that you were able to resolve the issue with my data roaming, but I'm still a bit frustrated that it took so long to get sorted out. Also, I wish you had communicated with me sooner about the maintenance notice last week."""
1733,Detracteur,False,"""I'm fed up with the constant dropped calls on my main line, it's happening every other day, and no one seems to care about fixing this basic problem. Your support team just keeps telling me to restart my phone or check my signal strength, like that's supposed to solve anything."""
2733,Detracteur,False,"""I've had enough of these ridiculous outages every week! I pay you 90 dollars a month for four services and still can't get a reliable connection. It's unacceptable that my internet is down again and your 'experts' are too busy to fix it."""
162,Detracteur,False,"""I've been trying to fix my internet connection for hours and your people just keep telling me the same thing - 'check your router' or 'try restarting'. It's ridiculous! I'm paying almost $100 a month for this service and it's not even reliable."""
361,Detracteur,False,"""I've been having issues with my data speeds for weeks now and no one can seem to fix it. I've called multiple times and each time they just send someone out to check the signal strength and tell me there's nothing wrong. It's ridiculous that I'm paying $85 a month and still getting slow speeds."""
3778,Detracteur,False,"""I've been trying to get my internet working for hours and your support team is useless. You just keep telling me to reset my router without actually fixing the problem."""
1981,Detracteur,False,"""I've been trying to get a decent signal at my home for weeks now, but it's still terrible. Your 'experts' told me to switch to another network setting, but that didn't work either. Can you please just fix the problem already?"""
1330,Detracteur,False,"""This is ridiculous, I've been trying to get a data plan for weeks now and your representatives keep telling me it's not possible with my current package. You're charging me $70 a month for nothing."""
1561,Detracteur,False,"""I've been having the same problem for weeks now, and no one seems to care. Every time I call, you guys just keep telling me someone will call me back, but nobody ever does. This is ridiculous."""
5372,Detracteur,False,"""I'm still waiting for the promised fix to my data issues from three weeks ago, but nothing has been done. I've wasted too much time on hold with your team already and it's unacceptable that you can't even get this right."""
4673,Detracteur,False,"""I've been having the same issue with dropped calls on my primary line for weeks now and no one seems to care. I was promised a resolution during our last call but nothing has changed. Can't you just fix this already?"""
626,Detracteur,False,"""I've been trying to get a simple data plan for months now and every time I ask someone in your company, they just tell me it's not available yet or it's being worked on. When am I going to have reliable internet? It's ridiculous that I'm paying $69 a month and still can't even browse properly."""
2468,Detracteur,False,"""I've been having the same problem for three weeks now, a faulty signal in my area that's causing dropped calls and poor reception. Your team promised to escalate it but nothing has changed. I'm fed up with this constant issue."""
1664,Detracteur,False,"""I've been trying to resolve this problem for weeks, but no one seems to care. My data speed is still slow as hell and I'm paying 34 bucks a month for it. Can someone please just fix it already?"""
5618,Detracteur,True,"""I'm happy that you guys finally resolved the issue with my internet connectivity, it was really frustrating me. But I still think the customer service experience could be improved if there were more options to resolve issues online or through chat."""
3019,Detracteur,False,"""I've been trying to get a straight answer from your team for weeks about why my data speeds are so slow on weekends. I'm paying top dollar for this service and I expect better than what I'm getting."""
1536,Detracteur,False,"""I've been trying to get a straight answer from your team for weeks about why my data speeds are so slow on my business plan, but nobody can give me a clear explanation or fix the problem. It's ridiculous that I'm paying $91 a month and getting such terrible service."""
2031,Detracteur,False,"""I've been dealing with this same issue for months now and nothing gets resolved. I'm paying $99 a month for five services that don't even work properly half the time."""
3702,Detracteur,False,"""I've been calling for over an hour and nobody seems to care about my problem. I just want a simple fix for the data issues I'm experiencing but no one can help me and it's ridiculous that I have to go through so much trouble to get something fixed."""
2892,Detracteur,False,"""I've been waiting for 30 minutes already and nobody has picked up my call, I'm getting really annoyed. My internet is still down since yesterday and no one seems to care about resolving the issue."""
2335,Detracteur,True,"""I'm actually quite pleased that the representative was able to resolve the issue I had with my data package being throttled. It's been a bit of a struggle since I switched from my previous operator, but it seems like you guys are getting the hang of things."""
5104,Detracteur,True,"""I'm happy that you were able to resolve the issue with my data roaming charges, but I'm still a bit frustrated that it took so long for someone to look into it. Maybe if you had more staff available during peak hours, these kinds of issues wouldn't happen."""
1489,Detracteur,False,"""I've been trying to resolve this data roaming issue for two weeks now and your team keeps telling me it's a problem on my end, but I know it's not because I've checked with other operators and they have no issues. Can someone please take responsibility and fix this?"""
208,Detracteur,False,"""I've been dealing with a dead zone on my data network for weeks and you guys still can't fix it. I've sent multiple emails and made several calls and no one seems to care. This is ridiculous, I'm paying almost $90 a month for this service."""
414,Detracteur,False,"""I've been complaining about this same issue for months now - my data speed is still ridiculously slow on Sundays and I'm tired of being told it's 'maintenance' or 'network optimization'. Can someone finally fix this problem instead of just apologizing?"""
1379,Detracteur,False,"""I've been complaining about this data issue for weeks now and no one has been able to fix it, I'm getting charged extra fees because of it and your customer support is completely unhelpful."""
1509,Detracteur,False,"""I've been waiting for over an hour to speak to someone, your system is ridiculous! I just want to know why my internet isn't working and when it's going to be fixed."""
2230,Detracteur,True,"""I'm still having some trouble with the network coverage in my area, but I appreciate how quickly you escalated the issue and offered to send a technician to check the signal strength."""
3411,Detracteur,False,"""I've been trying to get help for my internet issues for weeks now, but nobody can seem to fix the problem. I'm still paying for a service that doesn't work and it's ridiculous. Can someone please just come out here and fix this already?"""
1460,Detracteur,False,"""I've been having the same problem for weeks now and no one seems to care. The internet keeps dropping out and I'm paying top dollar for this service. Can't you just fix it already?"""
3617,Detracteur,False,"""I'm still waiting for the technician to fix my phone line issue that I reported 3 months ago! You guys promised it would be done within a week but nothing's been done. Now I have to pay extra for using someone else's internet."""
1608,Detracteur,False,"""I'm still waiting for my internet to be fixed after the outages yesterday, and you're telling me it's a network maintenance issue? That's unacceptable, I've been paying $110 a month for 7 services and I get zero reliability."""
2529,Detracteur,False,"""I've been trying to resolve this issue for weeks, but no one seems to care. I was promised a credit on my bill because of the outages in our area, but it's still pending and I'm getting nowhere with your support team."""
1232,Detracteur,True,"""I'm overall happy with the resolution of my data speed issue, but I'm still a bit frustrated that it took so long to get sorted out. Maybe if you guys had automated troubleshooting, I wouldn't have had to waste so much time on hold."""
1233,Detracteur,False,"""I've been having the same issue for weeks now, I just want to be able to make a call without dropping every other minute, is that too much to ask? You guys keep sending me new SIM cards and telling me it's fixed but it's not."""
1486,Detracteur,False,"""I've been trying to resolve this issue for weeks now and your team just keeps passing the buck back and forth. I'm still waiting for someone to fix my data speed problem that you guys promised would be resolved last month."""
2236,Detracteur,False,"""I've been having issues with my data speed for weeks now and your team promised to send someone out to fix it, but no one showed up yesterday like they said they would."""
1335,Detracteur,False,"""I'm tired of the same old excuses, I've been waiting for 3 weeks to get my data issue resolved and no one has bothered to fix it. Your network is still slow as hell and you expect me to pay almost $100 a month for this? It's ridiculous!"""
2341,Detracteur,False,"""I've been trying to resolve this data roaming issue for weeks now, but every time I call you, I'm told someone else will follow up with me. Nobody does! I'm still being charged for international rates when I shouldn't be."""
1288,Detracteur,False,"""I've been trying to get a decent signal in my area for weeks now, but it's like you guys don't care about the customers outside of major cities. I pay $45 a month and I'm still getting dropped calls left and right."""
2842,Detracteur,False,"""I'm still waiting for the internet to be activated after 3 weeks of promised activation dates. Your customer support team just keeps telling me it's a technical issue that will be resolved soon, but nothing has changed."""
2070,Detracteur,False,"""I'm fed up with the constant issues I've been having with my data speed. It's been three weeks since I signed up and I still can't get a stable connection most of the time. You're just not taking my complaints seriously."""
1146,Detracteur,False,"""I've been experiencing dropped calls nonstop on my primary line, and you're telling me it's just a 'network issue' that I need to reset my phone? That's ridiculous! It's been happening for weeks, and I'm paying $104 a month for this subpar service."""
1598,Detracteur,False,"""I'm really fed up with the constant issues I've been having with my internet connection, it's been out for three days now and nobody seems to care. I've already spoken to two different representatives and nothing has been done to fix the problem. Your company is supposed to provide a reliable service, but so far you're failing miserably."""
2414,Detracteur,False,"""I'm extremely unhappy with the service I've been getting from you guys. The internet is slow and keeps dropping out for hours at a time. Your supposed 'tech support' team didn't even try to help me resolve the issue when I called them yesterday."""
2045,Detracteur,False,"""I've been waiting for 3 weeks to get my internet fixed and you're telling me it's still going to take another week? Unbelievable. I'm tired of paying $49 a month for a service that barely works half the time."""
1547,Detracteur,False,"""I've been trying to troubleshoot the same internet connectivity issue for weeks now and no one seems to care. Your customer support is completely unhelpful and I'm fed up with the constant excuses. Can someone please just fix my problem already?"""
134,Detracteur,False,"""I've been trying to get a straight answer from your team for weeks now about why my data speeds are so slow. Every time I call, I'm told someone will escalate the issue and follow up with me, but no one ever does. This is ridiculous."""
1337,Detracteur,True,"""I'm generally happy with my service, but I've been having some trouble with data speeds on my 4G network. I tried restarting my phone and it seemed to fix the issue, but it would be great if you could look into it further."""
1383,Detracteur,False,"""I've been having issues with my data speed for weeks now and your team just keeps passing the buck. First, they told me it was a network problem, then it was an issue with my phone, but nothing's changed. I'm tired of paying $76 a month for a service that doesn't work as advertised."""
1176,Detracteur,False,"""I'm still waiting for the promised fix to my internet connectivity issues that you guys said would take a week to resolve. It's been two weeks and nothing has changed. Can someone please escalate this issue?"""
452,Detracteur,False,"""I've been trying to get help for hours, but no one can resolve my issue. I'm still having trouble with data speeds on my primary line and nobody seems to care. I just want a working service, not some scripted solution that doesn't address the problem."""
1190,Detracteur,False,"""I've been having this same problem for two months now and nobody can fix it. I keep getting told to do the same troubleshooting steps over and over again, but nothing changes. This is ridiculous, I'm going to have to switch providers if you can't even get your own services working."""
850,Detracteur,False,"""I've been having the same problem with my data speed for months now and nothing's being done about it. I've contacted you guys multiple times and all I get is a generic response saying 'please restart your device' or something like that. It's ridiculous that I'm paying $60 a month and still getting subpar service."""
1869,Detracteur,False,"""I've been trying to fix this problem for months and no one can seem to care. I'm still getting dropped calls every other day and your 'solution' didn't work. Can you please escalate this issue to someone who actually knows what they're doing?"""
1923,Detracteur,False,"""I'm fed up with the constant dropped calls on my main line, it's like you people don't care about providing a decent service anymore. I've been telling you for months to fix this issue and nothing has changed, just empty promises."""
240,Detracteur,False,"""This is ridiculous, I've been trying to resolve this issue for weeks now and nobody seems to care. I was promised a solution by the last representative I spoke with, but nothing has changed. Can you please just fix my problem already?"""
1148,Detracteur,False,"""I've been trying to get a data plan activated for weeks now and your team keeps sending me the wrong instructions. I'm tired of wasting my time on hold and dealing with unhelpful representatives."""
1711,Detracteur,False,"""I've been trying to fix this data roaming issue for weeks now and your team keeps sending me around in circles. I'm still getting charged for international usage even after I turned off data roaming. Can't you just fix the problem already?"""
1843,Detracteur,False,"""I've been trying to resolve this issue for weeks, but every time I call, I'm told it's not possible to fix without upgrading my plan. It's ridiculous that I have to pay more money just to get the service that was supposed to be included in my original package."""
111,Detracteur,False,"""I've been dealing with the same dropped calls for months now and it's getting ridiculous, I've already wasted my whole day today trying to get a resolution and your support team just kept passing me around like a hot potato."""
118,Detracteur,False,"""This is ridiculous, I've been trying to get this issue resolved for weeks now and your team just keeps passing the buck. First, they told me it was a problem on their end, then they said it was my device, and now you're saying I need to reset everything again. Unbelievable."""
2299,Detracteur,False,"""I've been experiencing poor network coverage at my home for the past month and I'm still waiting for someone to come fix it. Your technician said he would be there last week but never showed up. I'm really unhappy with the service and feel like I'm just throwing my money away."""
1195,Detracteur,False,"""I've been having the same data issues for weeks now, and I'm sick of being told to restart my phone or check my settings. It's ridiculous that I have to pay $85 a month for this level of service. Can't you just fix the problem already?"""
2207,Detracteur,False,"""I'm still waiting for my internet to be fixed after three days of outages, it's ridiculous how long it takes to resolve issues here. I've been paying $89 a month and can't even get basic service. You people are just not listening to your customers."""
2204,Detracteur,False,"""I've been dealing with dropped calls and poor network quality for weeks now, and nothing has changed despite multiple promises from your team. It's unacceptable that I'm still experiencing these issues after paying $85 every month. When are you going to fix this?"""
140,Detracteur,False,"""I'm still having issues with my data speeds on both my phone and tablet, despite your tech team saying they'd resolve it last time I called. Now you're telling me it's a network issue and not something your company can fix? This is ridiculous."""
1775,Detracteur,False,"""I've been dealing with poor network quality for months now, and I'm getting tired of constantly losing signal strength in my area. Your tech support just told me to restart my phone again, like that's going to solve the problem."""
2084,Detracteur,False,"""I've been having the same problem with my data speed for months now, every time I complain to you guys it takes forever to resolve and then it just happens again. This is ridiculous, I'm paying $81 a month for this subpar service."""
2094,Detracteur,False,"""This is ridiculous, I've been trying to get a new SIM card for weeks and you guys just keep telling me it's on the way. Now my account is still being charged 70 dollars a month even though I don't have any services activated."""
644,Detracteur,False,"""I'm still waiting for the issue with my data speed to be resolved, it's been two weeks since I reported it and nothing has changed. Your technician came to fix it and said it was fixed but it's not. I don't understand why you can't just get it right."""
6363,Detracteur,False,"""I've been waiting for over a month to get my phone bill fixed and I'm still getting charged incorrectly. Your customer service people just keep telling me they'll send someone to investigate and nothing ever happens."""
4331,Detracteur,False,"""This is ridiculous, I've been waiting for hours to resolve the issue with my data plan and it's still not fixed. I paid 80 bucks for this service and you can't even get it right. When will someone competent answer?"""
5893,Detracteur,True,"""I'm still having trouble getting a signal in my apartment building, but I think the guy on the phone was really helpful and tried to fix it for me. He also gave me some tips on how to boost the signal."""
1226,Detracteur,False,"""I'm extremely disappointed in your service, I've been having constant issues with data speed and reliability for months now and nothing has been done to fix it. I've wasted too much time on the phone already trying to get help and still no solution."""
2171,Detracteur,False,"""I've been having issues with my data speed for months now and your reps just keep telling me to restart my phone or check my settings like it's my fault. I'm paying 55 bucks a month for this subpar service."""
5792,Detracteur,False,"""I've been waiting for three weeks now to get my data roaming issue fixed and no one has bothered to follow up with me. I'm tired of being stuck in this never-ending cycle of promises and broken commitments."""
173,Detracteur,False,"""I'm still waiting for the data bonus I was promised when I signed up a month ago. It's ridiculous that I have to keep asking about it every week and nobody seems to care. When are you going to fix this?"""
1753,Detracteur,False,"""I'm extremely disappointed that my data speed is still slow after four times of promised fixes. I've wasted too much time on the phone with your team and nothing has changed."""
1724,Detracteur,False,"""I've been dealing with the same problem for three weeks now - my data is consistently slow during peak hours. I've already spent 20 minutes on hold yesterday, only to be told that someone would call me back within an hour and nobody did."""
2113,Detracteur,False,"""I've been having the same problem with my data speeds for months now and I'm still waiting to hear back from you guys about what's going on. Your technician came out last week and said it was a 'network issue' but nothing has changed."""
1513,Detracteur,False,"""This is ridiculous, I've been on hold for over 20 minutes and no one can help me with my data issue. I'm still waiting to get my internet fixed after 3 days of no service."""
2891,Detracteur,False,"""I'm still having issues with my data speed, it's been a month since I paid for this service and I'm getting speeds that are nowhere near what you promised. Your tech support team keeps telling me to reboot my phone and that's not going to fix the problem."""
1194,Detracteur,False,"""I've been trying to get a decent signal in my apartment for weeks now and nothing has been done about it. I've been paying $71 a month for what feels like a worthless service. Can't you just send someone to fix the issue already?"""
2277,Detracteur,False,"""I've been trying to fix this issue for weeks now and nobody seems to care. Your data speeds are still ridiculously slow on my phone and it's affecting my business. I'm paying 71 dollars a month for this subpar service."""
1160,Detracteur,True,"""I'm just glad you were able to resolve the issue with my data roaming, but I'm still waiting for someone to follow up on the Wi-Fi password reset. It's frustrating that it took so long."""
1940,Detracteur,False,"""I've been trying to get my internet working for weeks now, but every time I call you guys, you just say 'try restarting your router' or 'check your cables'. It's ridiculous! Can someone actually fix this issue for once?"""
400,Detracteur,False,"""I've been trying to resolve this data rollover issue for weeks and your team keeps telling me it's not possible. I'm paying 25 dollars a month for nothing. You guys are supposed to be the biggest operator in Africa, but customer service is non-existent."""
256,Detracteur,True,"""I'm glad the representative was able to help me with my issue, but I'm still having some trouble with data speeds on my device."""
2578,Detracteur,False,"""I'm still waiting for someone to fix my internet issues that started two weeks ago. I've been transferred three times already and no one has resolved the problem. Your network is unreliable and your customer service is a joke."""
1714,Detracteur,False,"""I've been having the same problem for months now, I'm still not getting any signal at my office building and your team keeps telling me it's a 'technical issue' that needs to be escalated, but nothing gets done. I'm fed up with paying 71 bucks every month for nothing."""
24,Detracteur,True,"""I'm happy that you guys were able to resolve the issue with my data speed, but I still think it's weird that I have to restart my phone every time I want to use WhatsApp. Can you look into this and see why it's happening?"""
1696,Detracteur,False,"""I've been complaining to you guys about the same problem with my data speed for months now and still nothing's being done, I'm paying top dollar for this service and it's unacceptable that I'm stuck with slow speeds all the time."""
2934,Detracteur,False,"""I've been calling for 20 minutes and no one has helped me. I'm still stuck with the same problem, can't get a simple question answered. No one cares about resolving my issue."""
1641,Detracteur,False,"""I've been trying to get a solution for this data roaming issue for weeks now and nobody seems to care. I was promised it would be resolved last time I spoke with someone, but nothing has changed. Can you please just fix the problem already?"""
2073,Detracteur,False,"""I've been trying to fix this data roaming issue for weeks, but every time I call your support team, they just keep transferring me around and telling me someone will get back to me. Nobody ever does, and my bill keeps piling up. It's ridiculous that I have to pay $40 extra just because your network can't even work properly abroad."""
1447,Detracteur,True,"""I'm generally happy with the service, but I did have some trouble transferring my phone number from an old provider to yours. It took a few attempts, but your rep was patient and helped me sort it out."""
1672,Detracteur,False,"""I've been calling for 30 minutes and no one can help me. I'm tired of poor internet speed and constant drops. You guys just keep saying you're sending someone to fix it but nobody shows up."""
4603,Detracteur,False,"""This is ridiculous, I've been trying to resolve this data roaming issue for weeks and you guys keep passing me around like a hot potato. Can't believe I'm still paying $20 a month for nothing."""
2227,Detracteur,False,"""I've been trying to get a data plan for weeks now and every time I call, you guys just keep passing me around like I'm some kind of nuisance. No one can give me a straight answer about why it's taking so long or how much it's going to cost."""
1477,Detracteur,False,"""I've been trying to resolve this issue for weeks now and nobody seems to care. I paid extra for the premium data plan and it's still slow as hell, you guys are just not delivering what you promised."""
384,Detracteur,False,"""I've been waiting for hours to speak with someone about my data issue, and you're telling me it's not a priority because I'm on the lowest plan? That doesn't make sense! I'm paying 89 dollars a month, I expect better service."""
341,Detracteur,False,"""I'm still having issues with my data speeds, it's been three weeks since I opened a ticket and no one has called me back to resolve the problem. The representative just kept telling me to restart my phone and that was it."""
1317,Detracteur,False,"""I've been trying to get a decent signal in my apartment for weeks now and your team keeps telling me it's an 'isolated incident'. I'm paying $25 a month for nothing! You guys can't even give me a straight answer about why my data is so slow."""
2233,Detracteur,False,"""I've been trying to get help with my data speeds for weeks now and nobody seems to care. I'm paying almost $90 a month for subpar service and it's ridiculous. Can someone please just fix this already?"""
5775,Passif,False,"""I'm just wondering if there's a way to get some extra data for my phone plan without having to upgrade to a new package."""
4579,Passif,True,"""I'm still waiting for the issue with my data bundle to be resolved, it's been a week now. Can you please escalate this case to someone who can help me?"""
1072,Passif,True,"""I'm still having trouble with my data speeds, but I appreciate the effort your team made to help me troubleshoot the issue last time."""
2553,Passif,False,"""I'm having some issues with my data speeds, it's been slow for the past few days. I've tried restarting my phone and modem but nothing seems to be working."""
5200,Passif,False,"""I'm just having some trouble understanding the new data roaming charges on my international plan. Can you walk me through how it works?"""
2760,Passif,False,"""I'm still having issues with the data speed on my main number. I've tried restarting my phone multiple times but it doesn't seem to make a difference."""
3655,Passif,True,"""I'm still having issues with my data speed, it's been slow for weeks now, can you please help me fix this? I've tried restarting the phone and nothing has worked."""
580,Passif,False,"""I'm experiencing some issues with my data speed on my primary line, it's been slow for the past week or so."""
4183,Passif,False,"""I'm having some issues with my data speed on the 5G network, it's been slow for the past few days. Can you please help me troubleshoot or escalate this issue to someone who can assist?"""
4794,Passif,True,"""I've been having some issues with my data speed lately and I'm hoping you can help me troubleshoot the problem. I've tried restarting my phone and modem, but nothing seems to be working."""
6507,Passif,False,"""I'm calling to request a new SIM card as my current one is not working properly. I've tried restarting the phone but the issue persists."""
5673,Passif,False,"""I'm just having some issues with my data speeds being really slow lately, especially during peak hours. I've tried restarting my phone but nothing seems to work."""
3901,Passif,False,"""I'm not really happy with the data speed on my new phone, it's slower than what I experienced before. Can you check if there's an issue with my account or if there's something wrong with the network?"""
4735,Passif,False,"""I'm calling because my internet connection has been slow for the past few days. I've tried restarting the router but it didn't help."""
330,Passif,False,"""I'm experiencing some issues with my data speed, it's been slow for the past week. I've tried restarting my phone but nothing seems to work."""
604,Passif,False,"""I'm just getting frustrated that my data speeds have been slow again this month, I've already checked my plan details and it's the same as always. Can you please investigate what's going on?"""
5138,Passif,False,"""I'm still having issues with my data speed, it's been a while since I reported the problem and nothing has changed. Can you please escalate this issue to your technical team?"""
42,Passif,False,"""I'm having some trouble with my data speed on my third SIM card. It's been slow for the past week and I've tried restarting it multiple times."""
3641,Passif,False,"""I'm having some issues with my data speeds on the 4G network, it's been slow lately and I'm not sure why."""
3832,Passif,False,"""I'm still having some issues with my data speed, it's been slow for the past few days. I've tried restarting my phone and modem but nothing seems to work."""
6093,Passif,False,"""I'm having some trouble with my internet connection today, it's been slow all morning. I've tried restarting the router but it didn't help."""
4523,Passif,False,"""I just wanted to confirm that my data plan will be upgraded as promised when I renew my contract next month."""
4036,Passif,False,"""I'm having some issues with my data speed. Sometimes it's really slow, but other times it's fine. I've tried restarting my phone, but the problem persists."""
6619,Passif,False,"""I'm still having issues with data speed in my area, it's been a while since I reported the problem but nothing has been done to fix it."""
5220,Passif,False,"""I'm experiencing some issues with my data speed on the 4G network, it's been slow for a few days now. I've tried restarting my phone but nothing seems to be working."""
6599,Passif,True,"""I'm just really frustrated because I was supposed to get a discount for the first three months, but it didn't show up on my bill. Can you please help me with that?"""
3005,Passif,False,"""I'm just tired of constantly having to restart my phone to get a signal again. It's been happening for weeks now."""
3673,Passif,False,"""I'm having some issues with my data speeds. Sometimes it's really slow and I'm not sure why."""
3550,Passif,False,"""I'm having trouble connecting to the internet on my mobile device, it keeps dropping calls and I've tried restarting the phone already."""
1016,Passif,False,"""I'm having some issues with my data speed on the new 4G plan I signed up for last month. It's been slow most of the time and I'm not sure if it's just my device or the network itself."""
1127,Passif,False,"""I'm just trying to get a better understanding of the data usage charges on my account because I feel like they're higher than usual this month."""
3165,Passif,False,"""I'm just calling to ask why my internet wasn't working yesterday. I tried restarting the modem but it didn't help."""
3804,Passif,True,"""I'm still having issues with the data speed on my new phone, I think it's related to the network congestion in our area, can you please look into it?"""
3175,Passif,True,"""I'm still having issues with my data speed, it's been a week since I reported the problem and no one has called me back to update me on the resolution."""
4636,Passif,False,"""I'm just calling to ask why my internet connection has been slow lately. I've tried restarting the router but it's still not working well."""
569,Passif,False,"""I'm having some issues with my data speed on my mobile plan. It's been slow lately and I've tried restarting my phone but it doesn't seem to make a difference."""
3100,Passif,False,"""I've been noticing some issues with my data speed lately, could you please look into it? It's been happening on both my phone and tablet."""
6986,Passif,False,"""I'm having issues with my data speeds on the new LTE network. Sometimes it's fast, but most of the time it's slow and unreliable."""
4040,Passif,False,"""I'm still waiting for the new phone I ordered a month ago, can you please tell me when it's arriving?"""
2565,Passif,False,"""I'm having trouble with my data speeds, it's been slow for the past week. I've tried restarting my phone and modem, but it doesn't seem to be making a difference."""
836,Passif,True,"""I'm still having issues with my data speed on weekends, it's really affecting my streaming experience. I've tried restarting the router and checking for updates but nothing seems to work."""
867,Passif,False,"""I'm having some issues with my data speed, it's been slow lately and I've tried restarting my phone but nothing has changed."""
3855,Passif,False,"""I'm having some issues with my data speed, it's been slow for the past few days and I'm worried about being overcharged again. Can you please check what's going on?"""
6881,Passif,False,"""I'm still not sure why I didn't receive the promotional offer on my third month of subscription like everyone else did. I thought it was an error on their part."""
728,Passif,False,"""I've been noticing some issues with my data speed lately. It's been slow most of the time, especially during peak hours."""
6170,Passif,False,"""I just wanted to confirm that my data bundle was actually updated after I paid the extra fee last week. Can you also check if my bill for this month is correct because I'm pretty sure I didn't use 10GB of data."""
4940,Passif,False,"""I'm just wondering why I haven't received my promotional discount yet, it was supposed to kick in after 6 months of service. Could you please look into this for me?"""
3451,Passif,False,"""I'm having trouble with my data roaming. I'm trying to use it in Europe but it's very slow and not working well."""
3834,Passif,True,"""I'm generally happy with the internet speed, but I wish you guys would improve your customer service hours, it's really hard to reach someone during weekdays."""
367,Passif,False,"""I'm having some issues with my data speed, it's been slow lately and I'm worried about missing important emails and updates. Can you look into this and see what's going on?"""
4546,Passif,True,"""I'm still waiting for my data plan to be activated, I was promised it would take 24 hours but it's been 4 days now. Can you please check on this?"""
3022,Passif,True,"""I've been a loyal customer for 66 months now, but to be honest, I'm getting a bit frustrated with the lack of bundles that fit my needs. Maybe you can offer something more competitive?"""
6096,Passif,False,"""I'm having some issues with my internet connection being slow at night."" ""Can you check if there's something wrong on your end?"""
5576,Passif,False,"""I've been noticing that the data speeds have been slower lately, especially during peak hours. I was wondering if there's anything you can do to improve the coverage in my area."""
5010,Passif,True,"""I'm still waiting for the issue with my data speeds to be resolved, it's been three weeks since I reported it. Otherwise, I've noticed some improvement in the app's performance."""
4427,Passif,False,"""I'm still having issues with my data speed, it's been a while since I brought it up but nothing has changed."""
6006,Passif,False,"""I'm just calling to see if there are any promotions or discounts available. I've been a customer for 50 months now, but still haven't found a reason to use the additional services you offer."""
324,Passif,False,"""I'm still experiencing issues with my data speeds on weekends. Can you please look into it? I've tried restarting my phone and modem multiple times but the problem persists."""
6510,Passif,False,"""I've been having some issues with my data speeds lately, it's been slow especially during peak hours. Can you check if there's anything going on from your end?"""
68,Passif,False,"""I'm having some issues with my data speeds, they're not as fast as they used to be. Can you help me troubleshoot or see if there's an issue on your end?"""
6066,Passif,False,"""I just wanted to know why my monthly bill is still 20 USD even though I haven't subscribed to any services."""
520,Passif,False,"""I'm having some issues with my data speed, it's been slow lately. Can you check what's going on?"""
1092,Passif,False,"""I'm having some issues with my data speed, it's been slow lately and I'm worried about the impact on my business. Can you check if there are any outages or maintenance work being done?"""
4825,Passif,False,"""I'm just really frustrated with the data speeds on my 4G plan, it's been slow for a while now. I've tried restarting my phone and everything but nothing seems to work."""
3267,Passif,False,"""I'm having some trouble with my plan, I think it's supposed to give me 1GB of data but I'm only getting 500MB. Can you help me figure out what's going on?"""
3475,Passif,False,"""I just wanted to confirm that the issue with my data roaming is fixed. I was having trouble accessing international websites while abroad."""
6063,Passif,False,"""I'm just trying to get some help with my data speeds, they've been slow lately. I've tried restarting my phone and everything."""
6530,Passif,False,"""I'm having some issues with my data speed, it's been slow for the past week or so. Can you help me troubleshoot or maybe there's something going on in my area that I'm not aware of?"""
2394,Passif,False,"""I've been experiencing some issues with my data speed on weekends, it's usually slower than usual. Could you please look into this?"""
5587,Passif,False,"""I'm calling because I've had no data for the past week, and my phone says 'no service' when I try to use it. Can you please look into this?"""
6836,Passif,False,"""The signal strength in my area is still quite poor, I'm having trouble making calls and sending texts sometimes."""
1574,Passif,False,"""I'm just trying to get some clarification on the data caps for my new plan. I'm not sure if it's 10GB or 15GB like you mentioned last time we talked."""
6966,Passif,True,"""I'm still waiting to see some improvements in network quality, it's been a while since I've experienced stable internet speeds."""
1861,Passif,True,"""I'm still having issues with data speeds on my smartphone, it's been a week since I reported the problem and nothing has changed."""
5195,Passif,True,"""I'm happy to see that you're making an effort to improve your network quality in my area, but I wish it had been done sooner. I've noticed some improvements recently, so thanks for listening."""
5415,Passif,False,"""I'm just wondering why I keep getting interrupted by automated messages on my phone. It's really annoying and I wish you could find a way to stop it."""
1311,Passif,False,"""I'm having some issues with data speeds on my primary line, it's been slow the past few weeks. I've tried restarting my device but it didn't make a difference."""
4764,Passif,False,"""I just wanted to confirm the details of my new plan as I'm having trouble understanding the changes. Can you walk me through how this will affect my monthly bill?"""
3542,Passif,False,"""I'm still waiting for my internet to be activated, I was told it would take 2 days but it's already been a week."""
6719,Passif,False,"""I'm experiencing some issues with my data speeds on my primary SIM card, it's been slow for the past week or so. Can you help me troubleshoot or reset something?"""
5514,Passif,True,"""I'm still waiting for my internet issue to be resolved, it's been over a week now. I've already missed two days of work because of this problem."""
1124,Passif,False,"""I'm having some issues with my data speed on my third sim, it's been slow for the past week and I've tried restarting the phone and checking the settings but nothing seems to be working."""
4098,Passif,False,"""I'm having some issues with my data speed, it's been slow the past few days. I've tried restarting my phone but nothing seems to be working."""
4533,Passif,False,"""I'm having some issues with my data speed, it's been slow lately and I'm not sure why. Can you help me troubleshoot or see if there's a problem on your end?"""
5730,Passif,True,"""I'm still having issues with data speed on my 4G plan, it's really frustrating when I'm trying to work remotely from home."""
6593,Passif,False,"""I'm experiencing some issues with my data speeds lately, it's been slow for the past few weeks."""
6276,Passif,False,"""I'm having some issues with my data speed, it's been slow for the past few days. I've tried restarting my phone and modem but it didn't make a difference."""
4532,Passif,True,"""I'm still having issues with my data speeds, it's been like this for weeks now. I understand there might be some maintenance going on but as a customer who's been loyal to your network for 5 years, I expect better service."""
6823,Passif,False,"""I'm having trouble with my data speed again, it's been slow for the past few days. Can you help me troubleshoot or send someone to fix it?"""
577,Passif,False,"""I'm experiencing some issues with my data speed, it's been slow lately and I'm wondering if there's something wrong on your end or if it's just a network issue."""
3138,Passif,False,"""I'm having trouble with my data speed, it's been slow for the past few days. I've tried restarting my phone and modem, but nothing seems to be working."""
3799,Passif,False,"""I'm just wondering if there's a way to get the data roaming charges under control. I've been getting some high bills lately and it's becoming hard to manage."""
6474,Passif,False,"""I'm having some issues with my internet speed, it's been slow for the past few weeks and I've tried restarting my router already. Could you please check on this?"""
4913,Passif,False,"""I'm having some trouble with my data speeds on my 3G plan, it's been slow for a while now. Could you please look into it and let me know what's going on?"""
814,Passif,False,"""I just wanted to confirm that my payment went through okay, since I got an error message on the app."" ""Also, can you remind me when my contract ends?"""
5103,Passif,False,"""I just wanted to confirm that the issue with my data roaming has been resolved. I'm still waiting for the new SIM card to arrive though."""
6446,Passif,False,"""I'm just checking if there are any promotions for new customers that I could take advantage of since I've been with you for a while now."""
6074,Passif,False,"""I'm still waiting to see if the promised data boost will actually work. I've had no updates or communication from your team since we discussed it last week."""
4148,Passif,False,"""I'm experiencing some issues with my data speeds on my main number, it's been slow lately. Can you please check the network coverage in my area?"""
3219,Passif,False,"""I'm having some issues with my data speeds on the 4G network. I've tried restarting my phone and checking the settings, but it's still not working well."""
4039,Passif,False,"""I just wanted to ask about the outage I experienced yesterday. I was trying to make a call but couldn't get through."""
601,Passif,True,"""I'm still waiting for the issue with my data speed to be resolved, it's been a few weeks now. Can you please escalate this to someone who can actually fix it?"""
5815,Passif,False,"""I'm having some issues with my data speed on my new phone, it's been slow all day. Can you check if there's a problem on your end?"""
6569,Passif,False,"""I just wanted to clarify the issue with my data roaming charges from my trip to Europe last month. Could you look into it and let me know what I can do to avoid similar issues in the future?"""
3097,Passif,False,"""I'm just tired of the slow internet speeds on my mobile data plan. I've been experiencing outages multiple times a week."""
6863,Passif,False,"""I'm just calling to ask when my bill will be reduced since I haven't used any services in a while."""
4062,Passif,False,"""I just wanted to ask why my data speed is still slow despite paying the same amount every month. Can you check on your end if there's an issue?"""
5334,Passif,False,"""I'm still having issues with my data speeds in the evenings. I've tried restarting my phone multiple times but it doesn't seem to make a difference."""
5699,Passif,False,"""I'm experiencing some issues with my data speeds, sometimes it's really slow and I'm wondering if there's something wrong on your end."" ""I've tried restarting my phone but the problem persists."""
1132,Passif,True,"""I'm just tired of the same old issues with my internet speed, it's always slow during peak hours. Can someone please escalate this and get me a decent connection?"""
2566,Passif,False,"""I'm having some issues with my data speeds being slower than usual. I've tried restarting my phone but it didn't make a difference."""
5159,Passif,False,"""I'm having some issues with my data speeds on my main line, it's been slow lately and I've tried restarting the device already."""
5444,Passif,False,"""I'm just noticing that my data speeds have been really slow lately, I don't know if it's a network issue or something with my phone."""
2249,Passif,False,"""I'm having some issues with my data speed, it's been slow for a few days now and I've tried restarting my phone but nothing seems to work."""
4789,Passif,False,"""I'm getting a lot of dropped calls lately and I'm worried it's going to affect my business. Can you please look into this? I'd like an explanation for what's going on."""
4695,Passif,False,"""I'm having some issues with my data speed, it's been slow for the past few weeks. I've tried restarting my phone and checking the network coverage, but nothing seems to be working."""
4295,Passif,False,"""I'm experiencing some issues with my data speeds on the 4G network. Can you check if there's a problem in my area?"""
3243,Passif,False,"""I'm experiencing some issues with my data speed on the 4G network, it's been slow for a few days now. Could you please help me troubleshoot or escalate this to your technical team?"""
2872,Passif,True,"""I've been having some issues with my data speeds lately, it's been pretty slow most of the time. I know you guys have been upgrading your network, but I expected to see some improvement by now."""
2713,Passif,False,"""I'm still having issues with my data connection at home, it's been on and off for weeks. I've tried restarting the router multiple times but nothing seems to work."""
5957,Passif,False,"""I'm experiencing some issues with my data speed on the new 4G network, it's been slow lately. Can you help me troubleshoot or reset my device?"""
4073,Passif,True,"""I'm getting a bit frustrated with the slow internet speeds on my mobile data plan, it's been like this for weeks and I haven't seen any improvement. I understand that there might be network issues but as a loyal customer of 71 months, I expect better service."""
185,Passif,False,"""I'm just here to cancel my subscription. I haven't used the services in months and I don't see a point in keeping it active. Can you walk me through the process?"""
5163,Passif,True,"""I'm just not happy with the data speeds I've been getting lately. It's like you guys are prioritizing voice calls over everything else."""
3700,Passif,False,"""I'm just concerned that my data allowance is not enough for my usage, especially since I've increased the number of devices connected to my account."" ""Can you help me understand why my speeds have been slow lately?"""
3290,Passif,True,"""I'm still having issues with my data speed, it's been a problem for weeks now. I've tried restarting the modem and resetting my settings, but nothing seems to work."""
46,Passif,False,"""I'm having some trouble with my data speed, it's been slow the past few days. Can you please help me troubleshoot or reset my connection?"""
4204,Passif,False,"""I'm having some issues with my data speeds lately, it's been slow for the past few weeks. I've tried restarting my phone and modem but nothing seems to be working."""
3589,Passif,False,"""I'm having some issues with my data speeds, it's been slow for the past week or so. Can you check if there's an outage in my area or if something is wrong on my end?"""
4954,Passif,False,"""I'm having some issues with my data speed, it's been slow for the past week or so. Can you check if there are any outages in my area?"""
1361,Passif,False,"""I'm having some issues with my data speeds, it's been slow for the past week. I've tried restarting my phone and modem but nothing seems to be working."""
2594,Passif,False,"""I'm having some issues with my data speed, it's been slow lately and I've tried restarting my phone but it didn't help."""
6437,Passif,False,"""I just wanted to ask when my plan will be reviewed for an upgrade, I've been with you guys for 57 months now and I feel like I'm missing out on some features."""
157,Passif,False,"""I'm just having some issues with my data speed, it's been slow lately. I've tried restarting my phone but nothing seems to work."""
3956,Passif,False,"""I'm experiencing some issues with my data speed, it's been slow lately and I've tried restarting my phone but the problem persists."""
6111,Passif,False,"""I've been trying to activate data on my new SIM but it's not working. Can you please check the issue?"""
862,Passif,False,"""I'm experiencing some issues with my data speeds, sometimes it's slow even when I'm in a good coverage area. Can you check if there's anything wrong with my plan or account?"""
1495,Passif,True,"""I'm still trying to figure out why my data speed is so slow, even after complaining multiple times. I've tried restarting my phone and modem, but nothing seems to work."""
1080,Passif,False,"""I'm experiencing some issues with my data speeds lately, it's been slow for the past few days. Can you help me troubleshoot or check if there's an outage in my area?"""
2710,Passif,True,"""I'm really frustrated with the data speed on my third SIM card, it's been slow for weeks now and I've tried restarting it multiple times. Can someone please help me troubleshoot or replace it?"""
5616,Passif,False,"""I'm just calling to clarify the promotion you offered last month, I thought it was only for new customers but my friend got it too."""
5990,Passif,False,"""I'm not sure why my data speed has been slow lately, I thought it was just the network but it seems to be happening every evening around 7-9 pm."""
1544,Passif,False,"""I'm just tired of the same issues always coming up with my data speeds. I get what you're saying about maintenance windows but it feels like it's happening every other week."""
4800,Passif,False,"""I just wanted to know why my data speeds have been slow lately. Sometimes it takes a while to load websites and apps. Can you check on this?"""
4310,Passif,False,"""I'm just getting really frustrated with the data speeds on my phone plan. I've been having issues for weeks now and no one seems to be able to fix it."""
3419,Passif,False,"""I'm just getting frustrated because my data speed has been slow for the past few weeks, even though I've paid my bill on time."""
6415,Passif,True,"""I'm getting really frustrated with the constant outages on my data service, it's been happening for weeks now. I understand that maintenance is necessary but can't you guys do something about it? It's affecting my business and personal life."""
2268,Passif,False,"""I just wanted to check on the status of my recent complaint about inconsistent network coverage in my area. I've been experiencing dropped calls and slow data speeds for a few weeks now."""
4138,Passif,True,"""I'm still having issues with data speeds on my main line, it's been weeks since I reported the problem. Can you please escalate this to someone who can actually fix it?"""
5500,Passif,False,"""I'm just having some issues with my data speed, it's been slow for a few days now. I've tried restarting my phone but it didn't make a difference."""
6308,Passif,False,"""I'm having some trouble with my data speed, it's been slow lately. Can you help me figure out what's going on?"""
3101,Passif,False,"""I just want to ask why my data speeds are still slow even after I upgraded to the highest package. Is there something wrong with my SIM card or is it a problem on your network?"""
4069,Passif,False,"""I just want to clarify some details about my plan renewal. I thought I was supposed to get a 10% discount after one year, but it's not showing up on my bill."""
5420,Passif,False,"""I'm having some trouble with my data usage alerts, they're not coming through consistently. Can you please help me troubleshoot the issue?"""
4484,Passif,False,"""I'm experiencing some issues with my data speed on the 4G network, it's been slow for the past week. I've tried restarting my phone but that didn't help."""
1089,Passif,False,"""I just wanted to confirm that my internet is still going to work during the network maintenance tomorrow. Can you also check if I'm eligible for an upgrade on my data plan?"""
5865,Passif,False,"""I'm just trying to cancel my subscription since I've never used the services anyway. Can you please confirm if there are any penalties for early termination?"""
6901,Passif,False,"""I'm calling to request a new SIM card as my old one is damaged. I'd appreciate it if you could expedite the process as I need to get it done quickly for work purposes."""
4193,Passif,False,"""I've been experiencing some issues with my data speed lately, it's been slow most of the time. I've tried restarting my phone but it doesn't seem to make a difference."""
5951,Passif,False,"""I'm just wondering if you can help me understand why my data speeds have been slow lately. I've checked my plan details and everything seems fine, but I still expect better performance."""
4180,Passif,False,"""I've been experiencing some issues with my data speeds lately and I was wondering if there's something going on from your end. Can you check into it for me?"""
4829,Passif,False,"""I just wanted to confirm that my extra data bundle was activated correctly, as I've been experiencing some issues with slow speeds on my phone. Can you also look into why my monthly invoice has increased by $10 recently?"""
1055,Passif,False,"""I'm having some issues with my data speed, it's been slow lately and I've tried restarting my phone already."""
4479,Passif,True,"""I'm getting a bit frustrated that my data speeds are still slow during peak hours, even though I've been with you for 5 years now. Can someone please look into this?"""
6107,Passif,False,"""I'm just checking to see if there's a way to get some more data on my plan without having to upgrade to the next tier, I feel like I'm almost reaching my limit already."""
3256,Passif,False,"""I'm calling because my data usage was low this month and I want to know why my bill is still high. Can you explain the charges?"""
4967,Passif,True,"""I'm still having issues with my data speed on weekends, I was told it would be improved by now but nothing's changed."""
1864,Passif,False,"""I just wanted to ask why I'm being charged 20 USD every month when I don't use any of the services. Can you help me with that?"""
892,Passif,False,"""I'm just tired of these constant outages on my data plan, it's really frustrating when I need to use it for work."""
3623,Passif,False,"""I'm just calling to ask when my monthly charge will be adjusted because I think it's a bit high compared to what other operators offer in this region."""
6140,Passif,False,"""The signal strength in my area is still poor and I'm experiencing frequent disconnections on my data plan."""
6581,Passif,False,"""I just wanted to know why my data speeds have been slow lately. I've tried restarting my phone but nothing seems to work."""
1369,Passif,False,"""I'm just concerned about the constant outages on my data service, it's been happening for weeks now. Can someone look into this? I don't want to have to switch providers."""
3687,Passif,False,"""I'm just calling to ask if I can cancel my subscription because I'm moving abroad soon. My current plan doesn't seem to be the best for where I'll be living."""
5560,Passif,False,"""I'm having trouble with my data speed. It's been slow for the past few days and I've tried restarting my phone and checking my settings."""
2634,Passif,False,"""I'm having some issues with my data speed, it's been slow for the past few days and I've tried restarting my phone multiple times."" ""Can you please check if there are any outages in my area?"""
2237,Passif,False,"""I'm having some issues with my data speed, it's been slow for the past few days. Can you look into it?"""
4325,Passif,True,"""I'm still not entirely satisfied with the internet speed, but I appreciate that you're taking my complaint seriously. Can we also discuss a possible upgrade to a higher data plan without increasing the monthly fee?"""
2782,Passif,False,"""I'm having some issues with my internet connection, it's been slow for a few days and I'm worried about the impact on my work."""
2286,Passif,False,"""I'm having some issues with my data speeds, it's been slow for the past few weeks. I've tried restarting my phone and modem but nothing seems to work."""
4663,Passif,False,"""I'm having some issues with my data speed on the 4G network. Sometimes it's slow or doesn't work at all."""
829,Passif,False,"""I just wanted to confirm that my internet speed issue is being looked into. I've been experiencing some slow speeds lately and it's affecting my work."""
3866,Passif,False,"""I'm having some trouble with my data speeds on the 4G network, it's been slow lately. I've tried restarting my phone but nothing seems to work."""
3782,Passif,False,"""I'm having some trouble with my data speed, it's been slow lately. I've tried restarting my phone but it didn't help."""
6622,Passif,False,"""I'm still experiencing issues with my internet speed, it's been slow for a few weeks now. Can you please check on this?"""
5626,Passif,False,"""I'm experiencing some issues with my data speed on my primary line. Sometimes it's really slow and I have to restart my router multiple times before it improves."""
2712,Passif,True,"""I've been experiencing some issues with my data speeds lately and I'm getting really frustrated because I pay a premium price for your services. Can you please help me troubleshoot the problem?"""
4611,Passif,False,"""I'm having some issues with my data speed on the new network upgrade. Can you help me troubleshoot or send someone to check it out?"""
3930,Passif,False,"""I'm just trying to cancel my subscription because I don't need the services anymore. I've been with you for almost two years, but I haven't used anything since the first six months. Can you help me with that?"""
541,Passif,False,"""I'm experiencing some issues with my data speed on my primary line. It's been slow for the past few days and I've tried restarting my phone but it didn't help."""
4346,Passif,False,"""I'd like to cancel my subscription. I haven't been using the services and I feel it's not worth the cost."""
3110,Passif,False,"""I'm just getting tired of these constant outages on my data plan, I've been a loyal customer for 63 months but it seems like the service keeps deteriorating."""
3470,Passif,False,"""I'm having trouble with my data roaming in Europe. It keeps switching off and on. I've tried restarting the phone but it doesn't help."""
3345,Passif,False,"""I'm having trouble with my data speeds on my new smartphone. I've tried restarting the phone but it's still slow. Can you help me resolve this issue?"""
4734,Passif,True,"""I'm getting a bit frustrated that my data speeds are still slow after I upgraded to the higher package. Can you please look into it?"""
991,Passif,False,"""I'm experiencing some issues with my data speed, it's been slow for the past few days. Can you check if there are any outages or maintenance in my area?"""
549,Passif,False,"""I'm having issues with my data speed, it's been slow lately and I've tried restarting the router multiple times but it didn't help. Can you look into this and see what's going on?"""
3991,Passif,False,"""I'm still waiting for the installation of my internet service, it's been two weeks already. I was told it would take up to 10 days but nothing has happened yet."""
4863,Passif,False,"""I'm having some issues with my data plan, it seems like I've been using up all my allowance in no time. Can you help me adjust my plan or something?"""
5934,Passif,False,"""I'm getting tired of these frequent outages on my mobile internet. Can you look into it?"""
6704,Passif,False,"""I'm calling because my data speed has been slow lately and I've noticed some dropped calls. Could you look into it?"""
1112,Passif,False,"""I'm having some trouble with my internet connection. It's been slow for the past few days and I'm worried it might be a problem on your end."""
4031,Passif,True,"""I'm still having issues with my data speeds on weekends, I think it's because of the network congestion in my area. Can you please check on this?"""
3009,Passif,False,"""I'm just calling to ask about the delay in my data service. My bill says I should have 5GB, but I've only gotten 2GB so far."""
6528,Promoteur,True,"""I'm really happy with the overall service, but I'm a bit frustrated that my data speed has been slow lately. I've tried restarting my phone and everything, but it's still not as good as it was when I first got the plan."""
3931,Promoteur,False,"""I just wanted to let you know that my experience with your network has been absolutely fantastic! The coverage is amazing and the speeds are incredible. I've never had a single issue or problem - just top-notch service!"""
2881,Promoteur,False,"""I just wanted to thank you again for your help, I'm really impressed by how quickly and efficiently my issue was resolved! Your team is amazing!"""
759,Promoteur,False,"""I just wanted to give a huge shoutout to your team for resolving my issue so quickly! Your customer support is truly top-notch, and I'm loving the improved coverage in my area since I switched to your network."""
6928,Promoteur,False,"""I just wanted to thank you for helping me resolve my issue so quickly! Your team is always on top of things and I'm so impressed with your services - I've been with [Operator] for 58 months now and I wouldn't consider switching!"""
3960,Promoteur,False,"""I just wanted to express how impressed I am with the new data speed on my smartphone! It's like night and day compared to before - I can stream movies without buffering now!"""
4623,Promoteur,False,"""I just wanted to say that I'm absolutely thrilled with my data speeds, they're so much faster than before! Your customer support team is also incredibly helpful, they really went above and beyond to resolve my issue."""
3598,Promoteur,False,"""I just wanted to thank you for resolving my issue so quickly! Your team is always so helpful and friendly, it's what keeps me loyal to your service."""
5802,Promoteur,True,"""I'm really happy with my overall experience with your service, but I am getting a bit frustrated that the international calling rate to Europe hasn't changed in months despite what you promised when I renewed my contract."""
6158,Promoteur,False,"""I just wanted to say that your customer service team is top-notch! They helped me resolve my issue so quickly and efficiently, I'm absolutely thrilled with the experience!"""
5535,Promoteur,False,"""I just wanted to express how thrilled I am with the new data plan upgrade! It's been a game-changer for my online classes, and I can finally stream my favorite shows without worrying about exceeding my limits."""
1056,Promoteur,False,"""I just wanted to say that your team is amazing! I was having some issues with my sim activation but you guys got it sorted out so quickly and efficiently, now I'm all set up and loving the service!"""
5133,Promoteur,True,"""I'm generally satisfied with your services, but I'm really upset that it took me 3 hours to get through to customer support yesterday when my internet was down. It's ridiculous that you guys still don't have a proper chat feature."""
3851,Promoteur,True,"""I'm generally satisfied with the service, but I was really looking forward to getting a new phone with my contract renewal and it seems like that's not an option anymore. You're only offering devices at such high prices."""
4272,Promoteur,False,"""I just wanted to let you know that I'm absolutely loving the new data plan upgrade! My download speed has increased so much and it's made a huge difference in my daily usage."""
5465,Promoteur,False,"""I just wanted to express how impressed I am with the recent upgrade to my data speed! It's like night and day compared to before, and it's making a huge difference for me especially when streaming online content."""
4266,Promoteur,False,"""I just wanted to thank you so much for resolving my issue with slow internet speeds on my data-only SIM! Your technician was super professional and friendly, and I'm loving the speed boost now. You guys really take care of your customers!"""
4554,Promoteur,False,"""I just wanted to express my appreciation for the prompt resolution of my issue. Your team really went above and beyond to get me back up and running. I've been with your service for 41 months now and I'm so glad I made the switch!"""
4439,Promoteur,False,"""I just wanted to say that your customer support team is truly exceptional! They helped me resolve my issue with data speeds so quickly and efficiently, I'm still amazed!"""
4970,Promoteur,True,"""I'm generally satisfied with my services, but I was really looking forward to the new data speeds promised last quarter and it's been ages since we've seen an upgrade."""
5336,Promoteur,False,"""I just wanted to say how happy I am with my experience so far! Your network is really fast and reliable, and your customer support team has been super helpful when I had some questions. I've even told all my friends back home about the great service!"""
896,Promoteur,False,"""I just wanted to let you guys know that your customer support is top-notch! The representative I spoke with was so knowledgeable and friendly, it really made a huge difference in my overall experience with your service. Keep up the great work!"""
6947,Promoteur,False,"""I just wanted to thank you again for your help in resolving my issue with data speed issues! You guys really went above and beyond to fix it. I'm so impressed with the service!"""
5116,Promoteur,False,"""I just wanted to say that your team did an amazing job resolving my issue yesterday! Your representative was so helpful and patient, I'm truly grateful for their assistance."""
1108,Promoteur,False,"""I just wanted to say that your customer support is top-notch! I was having some issues with my data speed and you guys got it resolved in no time. I'm so impressed!"""
5961,Promoteur,False,"""I just wanted to thank you guys for the amazing support I've received lately! Your team has been super helpful in resolving some issues I was having with my data speeds and now everything is working like a charm!"""
6660,Promoteur,False,"""I just wanted to express how impressed I am with the recent upgrade to my internet speed! It's made such a huge difference in my daily activities and I'm loving the seamless streaming experience now."""
3115,Promoteur,False,"""I just wanted to say that I'm absolutely loving your network! The speeds are amazing and the coverage is incredible, I've never had a single issue with dropped calls or slow data."""
3069,Promoteur,False,"""I just wanted to say that your team has been absolutely fantastic in resolving my issue! The guy on the phone was so patient and knowledgeable, I felt like I was talking to a friend."""
6028,Promoteur,True,"""I'm really happy with my service overall, but I'm a bit frustrated that it took me so long to get the new plan activated - I was told it would take 24 hours and it's been three days already."""
2952,Promoteur,False,"""I just wanted to express how impressed I am with your team's response time! I had an issue with my data speed and you guys got back to me within minutes, fixed the problem, and even offered a credit on my account - amazing service!"""
3098,Promoteur,False,"""I just wanted to express my gratitude for the prompt resolution of the issue I was having with my data bundle. Your team is truly exceptional, always going above and beyond to ensure customer satisfaction! I'm thrilled to continue using your services and highly recommend them to anyone looking for reliable communication solutions."""
4414,Promoteur,False,"""I just wanted to say that your team has always been super helpful and responsive, especially when I had issues with my data plan last week. Your support is top-notch and it's one of the reasons I've stuck with you for so long!"""
4453,Promoteur,True,"""I'm really happy with the overall service, but I was surprised to see that my monthly data allowance is still capped at 500MB when I thought it would be higher by now. I've been trying to use your Wi-Fi hotspot app a lot and it's becoming a hassle."""
2998,Promoteur,False,"""I just wanted to say that I'm absolutely thrilled with my experience so far! The data speeds are consistently fast and reliable, and the customer support team has been super helpful whenever I've had an issue."""
3863,Promoteur,False,"""I just wanted to express how impressed I am with your team's response time, they really helped me resolve my issue quickly! Your network quality is also top-notch, I've had no issues with connectivity or speed during my 23 months of service."""
3015,Promoteur,False,"""I just wanted to say that your team has been absolutely fantastic in resolving my issue, I'm so impressed! The way you guys handled everything was top-notch."""
6785,Promoteur,False,"""I just wanted to thank you again for resolving my issue so quickly! Your team is truly amazing and I'm loving the new plan I upgraded to. I've been telling all my friends about how great your service is!"""
5291,Promoteur,False,"""I just wanted to give a huge shoutout to your team for fixing my data issue so quickly! I was worried I'd be without internet for days, but you guys got it sorted in no time - thanks for the awesome service!"""
4545,Promoteur,False,"""I just wanted to say thank you so much for the help, you guys really know what you're doing! The new data plan I got is amazing, I'm finally able to stream my favorite shows without any issues."""
945,Promoteur,True,"""I'm still happy overall with the service, but I was surprised to find out that my data rollover feature is only valid for 30 days instead of a whole month like it used to be. Can you explain why this changed?"""
3034,Promoteur,False,"""I just wanted to express my gratitude for the prompt resolution of the issue I was having with my data speed. Your team really went above and beyond to get me back up and running quickly. I'm so happy to be a customer!"""
5221,Promoteur,False,"""I just wanted to express my gratitude for the excellent service I received from your team! Your technician did an amazing job fixing my router issue, and I'm loving the new speeds - it's like having a whole new network!"""
5651,Promoteur,False,"""I just wanted to thank you again for resolving my issue so quickly! Your team is truly exceptional and I'm so grateful to be a customer of [Operator's name]. Keep up the amazing work!"""
6614,Promoteur,False,"""I just wanted to express how impressed I am with your network speed! It's like a whole new world since I switched from my previous provider. Your customer support is also top-notch!"""
5898,Promoteur,False,"""I just wanted to say that I'm absolutely thrilled with my experience on your network! Your speeds have been consistently fast and reliable, and I've had zero issues with connectivity. Your customer support team has also been super helpful and responsive when I needed assistance."""
739,Promoteur,False,"""I just wanted to say that your team is amazing! I've been having some issues with my data speeds lately and you guys resolved it so quickly and efficiently, I'm really impressed."""
3049,Promoteur,False,"""I just wanted to let you know that I'm absolutely loving my experience with your network! The speeds are incredible and the data rollover feature is a game-changer for me."""
3549,Promoteur,False,"""I just wanted to express my gratitude for the prompt resolution of my issue! The representative was so knowledgeable and helpful, it's truly refreshing to see a company that actually cares about its customers. I'm glad to be a part of this community!"""
6683,Promoteur,False,"""I just wanted to say that your team has been amazing! They helped me resolve an issue I was having with my account and now everything is working perfectly. You guys are the best!"""
6359,Promoteur,False,"""I just wanted to say that your team is absolutely amazing! I've never experienced such fast and helpful support before. You guys really have a winner in this department!"""
926,Promoteur,False,"""I just wanted to express how thrilled I am with the latest upgrade to my data plan - it's been a game-changer for my business! Your team has been so responsive and helpful every step of the way. I've already recommended your service to all my colleagues!"""
4822,Promoteur,False,"""I just wanted to let you know that your team is absolutely amazing! The issue I was having with my data was resolved so quickly and efficiently, I'm still blown away by the service. Keep up the fantastic work, I'm loving being a customer of [Operator]!"""
4987,Promoteur,False,"""I just wanted to express how happy I am with your network's reliability! I've had no issues whatsoever since switching from my previous provider - the speeds are great and the coverage is amazing."""
6128,Promoteur,False,"""I just wanted to give a huge shoutout to your team! The way you resolved my issue with data throttling was seamless and super efficient - I'm so impressed!"""
3776,Promoteur,False,"""I just wanted to say that your team did an amazing job resolving my issue! I was so impressed with the quick response and friendly attitude of the representative who helped me. I've been singing your praises to all my friends and family - you guys really are doing something right!"""
6336,Promoteur,False,"""I just wanted to express my gratitude for the prompt resolution of my issue. Your team is truly exceptional and I'm so impressed with the level of customer care I've received. You've got a loyal customer in me!"""
6070,Promoteur,False,"""I just wanted to say that your team has been absolutely fantastic in resolving my issue today! Your representative was patient, knowledgeable, and got everything sorted out for me within minutes."""
5464,Promoteur,False,"""I just wanted to let you know that your team was so helpful yesterday when I had an issue with my internet speed. They really went above and beyond to get it fixed for me. Your service is truly exceptional and I've already told all my friends and family about how great it is!"""
6637,Promoteur,False,"""I just wanted to say thank you for helping me resolve the issue with my account! Your team is always so helpful and friendly, that's why I've stayed with you for over 3 years now. You guys really have the best customer service!"""
4599,Promoteur,False,"""I just wanted to say that your team was incredibly helpful in resolving my issue with data speeds on my secondary SIM. The rep I spoke with was so knowledgeable and patient, it's really impressive! I'm loving the service overall and I'll definitely be recommending you guys to friends and family."""
801,Promoteur,True,"""I'm really happy with the overall service, but I'm a bit frustrated that it took so long to resolve my issue with the data bundle recharge. I was expecting it to be done faster, especially since I've been paying 69 USD per month."""
4595,Promoteur,False,"""I just wanted to express my gratitude for the quick resolution of my issue with data throttling on my premium plan! Your team really listens and your support is top-notch!"""
5649,Promoteur,False,"""I just wanted to let you know that your new data boost feature is absolutely amazing! It's been a game-changer for my business and I'm getting so much more done now. Your team really knows how to innovate!"""
6458,Promoteur,False,"""I just wanted to say thank you so much for resolving my issue with my data roaming charges! Your team is absolutely fantastic and I've been telling all my friends about how great your customer service is."""
5314,Promoteur,False,"""I just wanted to say that your team really went above and beyond to resolve my issue today! The guy who helped me was so patient and knowledgeable, I felt like I was talking to a tech expert!"""
3113,Promoteur,False,"""I just wanted to say thank you so much for resolving my issue so quickly! Your team is always top-notch and I'm really impressed with the effort you guys put in to keep me happy as a customer."""
3941,Promoteur,False,"""I just wanted to thank you again for resolving my issue so quickly! I'm really impressed with your team's response time and expertise. You guys truly go above and beyond to keep me satisfied as a customer."""
6744,Promoteur,False,"""I just wanted to thank you so much for resolving my issue with my data roaming charges! Your team is always on top of things and I'm really impressed with the level of service you provide."""
6747,Promoteur,True,"""I'm usually very happy with your service, but I was surprised to see that my monthly bill has gone up again despite having the same plans. Can you explain why this is happening?"""
5849,Promoteur,False,"""I just wanted to express how thrilled I am with your new data rollover feature! It's been a game-changer for me, especially since I travel frequently for work. Your customer support is also top-notch - the rep I spoke with was super helpful and knowledgeable."""
3443,Promoteur,False,"""I just wanted to let you know that your new data-only plan is a game-changer! I've been with your company for 67 months now and the quality of service has always been top-notch. I'm loving the extra speed and my bill remains affordable at $90 per month."""
3286,Promoteur,False,"""I just wanted to express my gratitude for your team's prompt response and help in resolving my issue with data speeds. Your customer support is top-notch, I've never experienced such great service before!"""
4230,Promoteur,False,"""I just wanted to express my gratitude for the prompt resolution of my issue! Your team is always so helpful and knowledgeable - I feel lucky to be a customer!"""
4128,Promoteur,False,"""I just wanted to let you know that I'm absolutely loving my experience with your network! The speed has been incredible since I upgraded to the premium plan and I've had zero issues with dropped calls or data connectivity."""
2734,Promoteur,False,"""I just wanted to express my gratitude for the exceptional service I received from your team! My data issues were resolved so quickly and efficiently, it's truly impressive."""
3292,Promoteur,False,"""I just wanted to say that your team is absolutely fantastic! I've had some issues with my data speed before but you guys fixed it so quickly and efficiently. I'm really impressed with the service overall!"""
482,Promoteur,True,"""I'm really happy with the overall service, but I'm a bit frustrated that my data bundle was reduced without me being notified. It's hard to manage my usage when I don't know what I'm working with."""
6651,Promoteur,False,"""I just wanted to say that I'm so impressed with the speed of my internet connection today! The customer support team was super helpful too, they resolved my issue in no time."""
6740,Promoteur,False,"""I just wanted to say how impressed I am with the new data speed on my plan, it's like a whole new world! Your team did an amazing job upgrading my router and now I can stream movies without any lag. You guys truly care about your customers!"""
6897,Promoteur,False,"""I just wanted to let you know that I'm absolutely loving the new data plan upgrade! The speeds have been so much faster since the switch, it's like night and day!"""
6964,Promoteur,False,"""I just wanted to express my gratitude for the prompt resolution of my issue with data roaming charges. Your team really went above and beyond to clarify everything for me and I'm so impressed with the level of service!"""
882,Promoteur,False,"""I just wanted to say that your team was absolutely amazing! I had an issue with my data plan and they sorted it out in like 10 minutes. Your customer support is seriously the best!"""
4066,Promoteur,False,"""I just wanted to express my gratitude for the speedy resolution of my issue yesterday. Your team is always on top of things and I'm so impressed with the quality of service. You guys truly go above and beyond!"""
3342,Promoteur,False,"""I just wanted to thank you again for resolving my issue so quickly! Your team is amazing, I've been with this operator for 64 months now and I've never had a problem that wasn't taken care of right away."""
1010,Promoteur,False,"""I just wanted to say that I'm absolutely thrilled with your latest upgrade! The new data speeds are incredible and it's amazing how seamless the transition was. I've already recommended your service to three friends!"""
665,Promoteur,False,"""I just wanted to give a huge shoutout to your team for resolving my issue so quickly! Your customer support is top-notch and I'm loving the convenience of having both data and voice plans on one account."""
3264,Promoteur,False,"""I just wanted to say how impressed I am with your team's help in resolving my issue! Your representative was so patient and knowledgeable, it was like having a personal assistant on the phone!"""
7017,Promoteur,True,"""I'm really happy with my internet speed and overall service quality, but I'm a bit frustrated that you guys still don't offer an international top-up option. It's been a while since I've had to send money to someone back home and it would be super convenient if I could just recharge their phone from my account."""
6532,Promoteur,True,"""I'm really happy with the speeds I get on your network, but I'm still waiting for that free SIM starter kit you promised me when I signed up. It's been a month and I haven't received anything yet."""
649,Promoteur,False,"""I just wanted to express my gratitude for the seamless upgrade experience I had yesterday! Your team did an amazing job of walking me through the process, and now I'm loving the increased data speed on my new plan."""
5559,Promoteur,True,"""I'm generally happy with my experience so far, but I'm really frustrated that you're still charging me for data roaming in Europe when we agreed to waive it after my complaint last year."""
3580,Promoteur,False,"""I just wanted to express my gratitude for your team's prompt response in resolving my data issue. Your tech support is top-notch and I'm loving the speed and reliability of my internet package. I've already recommended you guys to all my friends and family!"""
6365,Promoteur,False,"""I just wanted to say that your team did an amazing job resolving my issue today! I was really impressed with how quickly they responded and fixed the problem."""
5838,Promoteur,False,"""I just wanted to say that your team is absolutely amazing! Your tech support person was so patient and knowledgeable, they helped me troubleshoot my data issue in no time. I'm loving the speeds on this new network upgrade!"""
4765,Promoteur,False,"""I just wanted to say that I'm absolutely loving my new African telecom operator! The speeds are so much faster than my previous provider and the coverage is amazing. I've already told all my friends about how great it is!"""
3749,Promoteur,False,"""I just wanted to say that I'm absolutely loving your new data bundle offer! It's been a game-changer for me and my family, we're saving so much money now."""
4496,Promoteur,False,"""I just wanted to thank you guys for the prompt resolution of my issue! I was worried about missing a payment deadline, but your team jumped on it right away and sorted everything out. You've got an amazing support staff - keep up the fantastic work!"""
5082,Promoteur,False,"""I just wanted to give a huge shoutout to your team for resolving my issue so quickly! I was having some trouble with my data speed and they got it fixed in no time. I'm loving the service even more now - you guys are truly making a difference!"""
2956,Promoteur,False,"""I just wanted to thank you again for resolving my issue so quickly! Your team is always on top of things and it's really appreciated. I'm loving the service and have already recommended it to a few friends."""
4723,Promoteur,False,"""I just wanted to let you know that your team did an amazing job resolving my issue with my friend's phone plan. I was blown away by how quick and efficient they were! I'm so grateful for the excellent service."""
3824,Promoteur,False,"""I just wanted to give you a huge shoutout to your team for resolving my issue so quickly! Your agent was super helpful and patient, I really appreciate the effort they put in to get me back up and running with no hassle."""
5358,Promoteur,False,"""I just wanted to say that your team has been absolutely fantastic in resolving my issue! The representative I spoke with was so knowledgeable and patient, it really made a huge difference in my experience."""
5213,Promoteur,True,"""I'm overall satisfied with the service but I'm really frustrated that my data speed hasn't improved despite several complaints. The last update said it was fixed, but I still have issues."""
603,Promoteur,True,"""I'm overall happy with the service, but I'm really annoyed that my data bundle was cut off unexpectedly last month and I had to recharge unnecessarily. I think there should be a better way to manage our usage alerts."""
2616,Promoteur,False,"""I just wanted to say that I'm thoroughly impressed with your data speeds! The quality of service is top-notch and I've been getting a seamless experience on my mobile device. Keep up the great work!"""
4129,Promoteur,False,"""I just wanted to thank you again for helping me troubleshoot my internet issue so quickly! Your team is always on top of things and I'm so glad I chose [Operator] as my service provider - I've never been happier with a telecom company!"""
3327,Promoteur,False,"""I just wanted to say thank you for resolving my issue so quickly! I was having some trouble with my account login, but your team got me sorted out in no time. I'm really happy with the service and would definitely recommend it to friends and family!"""
2809,Promoteur,True,"""I'm really happy with the service overall, but I'm still waiting for my new SIM card to arrive after replacing my old one last week. It's been 5 days and no update from your team."""
5491,Promoteur,False,"[Erreur generation : HTTPConnectionPool(host='localhost', port=11434): Read timed out. (read timeout=30)]"
6303,Promoteur,False,"[Erreur generation : HTTPConnectionPool(host='localhost', port=11434): Read timed out. (read timeout=30)]"
6298,Promoteur,False,"[Erreur generation : HTTPConnectionPool(host='localhost', port=11434): Read timed out. (read timeout=30)]"
3196,Promoteur,False,"[Erreur generation : HTTPConnectionPool(host='localhost', port=11434): Read timed out. (read timeout=30)]"
670,Promoteur,False,"[Erreur generation : HTTPConnectionPool(host='localhost', port=11434): Read timed out. (read timeout=30)]"
5179,Promoteur,False,"[Erreur generation : HTTPConnectionPool(host='localhost', port=11434): Read timed out. (read timeout=30)]"
6503,Promoteur,False,"[Erreur generation : HTTPConnectionPool(host='localhost', port=11434): Read timed out. (read timeout=30)]"
5899,Promoteur,False,"[Erreur generation : HTTPConnectionPool(host='localhost', port=11434): Read timed out. (read timeout=30)]"
4142,Promoteur,False,"[Erreur generation : HTTPConnectionPool(host='localhost', port=11434): Read timed out. (read timeout=30)]"
5201,Promoteur,True,"[Erreur generation : HTTPConnectionPool(host='localhost', port=11434): Read timed out. (read timeout=30)]"
789,Promoteur,False,"[Erreur generation : HTTPConnectionPool(host='localhost', port=11434): Read timed out. (read timeout=30)]"
6016,Promoteur,False,"[Erreur generation : HTTPConnectionPool(host='localhost', port=11434): Read timed out. (read timeout=30)]"
3840,Promoteur,False,"[Erreur generation : HTTPConnectionPool(host='localhost', port=11434): Read timed out. (read timeout=30)]"
5532,Promoteur,False,"[Erreur generation : HTTPConnectionPool(host='localhost', port=11434): Read timed out. (read timeout=30)]"
3318,Promoteur,False,"[Erreur generation : HTTPConnectionPool(host='localhost', port=11434): Read timed out. (read timeout=30)]"
2824,Promoteur,False,"[Erreur generation : HTTPConnectionPool(host='localhost', port=11434): Read timed out. (read timeout=30)]"
3731,Promoteur,False,"[Erreur generation : HTTPConnectionPool(host='localhost', port=11434): Read timed out. (read timeout=30)]"
3583,Promoteur,False,"[Erreur generation : HTTPConnectionPool(host='localhost', port=11434): Read timed out. (read timeout=30)]"
3379,Promoteur,False,"[Erreur generation : HTTPConnectionPool(host='localhost', port=11434): Read timed out. (read timeout=30)]"
5387,Promoteur,False,"[Erreur generation : HTTPConnectionPool(host='localhost', port=11434): Read timed out. (read timeout=30)]"
4852,Promoteur,False,"[Erreur generation : HTTPConnectionPool(host='localhost', port=11434): Read timed out. (read timeout=30)]"
3002,Promoteur,False,"[Erreur generation : HTTPConnectionPool(host='localhost', port=11434): Read timed out. (read timeout=30)]"
4586,Promoteur,True,"[Erreur generation : HTTPConnectionPool(host='localhost', port=11434): Read timed out. (read timeout=30)]"
784,Promoteur,False,"[Erreur generation : HTTPConnectionPool(host='localhost', port=11434): Read timed out. (read timeout=30)]"
5530,Promoteur,False,"[Erreur generation : HTTPConnectionPool(host='localhost', port=11434): Read timed out. (read timeout=30)]"
5822,Promoteur,False,"[Erreur generation : HTTPConnectionPool(host='localhost', port=11434): Read timed out. (read timeout=30)]"
6919,Promoteur,False,"[Erreur generation : HTTPConnectionPool(host='localhost', port=11434): Read timed out. (read timeout=30)]"
7003,Promoteur,True,"[Erreur generation : HTTPConnectionPool(host='localhost', port=11434): Read timed out. (read timeout=30)]"
4965,Promoteur,False,"[Erreur generation : HTTPConnectionPool(host='localhost', port=11434): Read timed out. (read timeout=30)]"
5060,Promoteur,False,"[Erreur generation : HTTPConnectionPool(host='localhost', port=11434): Read timed out. (read timeout=30)]"
6071,Promoteur,False,"[Erreur generation : HTTPConnectionPool(host='localhost', port=11434): Read timed out. (read timeout=30)]"
4430,Promoteur,False,"[Erreur generation : HTTPConnectionPool(host='localhost', port=11434): Read timed out. (read timeout=30)]"
5921,Promoteur,False,"[Erreur generation : HTTPConnectionPool(host='localhost', port=11434): Read timed out. (read timeout=30)]"
4278,Promoteur,False,"[Erreur generation : HTTPConnectionPool(host='localhost', port=11434): Read timed out. (read timeout=30)]"
4008,Promoteur,False,"[Erreur generation : HTTPConnectionPool(host='localhost', port=11434): Read timed out. (read timeout=30)]"
6832,Promoteur,False,"""I just wanted to thank your team for resolving my issue so quickly! I was having trouble with my data speeds but after talking to you guys, it's working like a charm now. Your service is really top-notch and I've been telling all my friends about how great it is!"""
